id,name,created_at,advertisers_entities.id,entities.short_name,countries.name,countries.alpha2,advertisers_platforms.advertiser_platform_ref,advertisers_platforms.advertiser_platform_name,platforms.name
d11bd85a-dbc7-40bd-9ed3-4178989c0c94,POKS Despotovo - Покрет обнове Краљевине Србије Деспотово,2023-02-21T10:55:07.832Z,eaf1b55f-e980-42b7-a2d2-5a633b20b27d,POKS,Serbia,rs,109189185393592,POKS Despotovo - Покрет обнове Краљевине Србије Деспотово,Facebook
1eeeb479-bea7-474d-b81d-ca4d5b63706b,POKS Obrovac - Покрет обнове Краљевине Србије Обровац,2023-02-21T10:55:07.836Z,897314b2-b2f8-4275-bced-098f78022c4a,POKS,Serbia,rs,112752455033659,POKS Obrovac - Покрет обнове Краљевине Србије Обровац,Facebook
96b04c09-1818-4e08-b137-8fafca71eb33,POKS Silbaš - Покрет обнове Краљевине Србије Силбаш,2023-02-21T10:55:07.850Z,1209f70e-48da-42b4-83e3-8d814419cbc8,POKS,Serbia,rs,115923424713030,POKS Silbaš - Покрет обнове Краљевине Србије Силбаш,Facebook
3f1aeac8-8a04-4425-bb90-d042928b8009,POKS Vajska - Покрет обнове Краљевине Србије Вајска,2023-02-21T10:55:07.841Z,3f769b92-73a6-456b-bd29-9b5fc6c8fbaa,POKS,Serbia,rs,115852431386415,POKS Vajska - Покрет обнове Краљевине Србије Вајска,Facebook
37e70482-d205-4478-9414-889140dcfde9,POKS Gajdobra - Покрет обнове Краљевине Србије Гајдобра,2023-02-21T10:55:07.840Z,662330a1-e376-4dfc-8680-ce55606c60bb,POKS,Serbia,rs,100356236289509,POKS Gajdobra - Покрет обнове Краљевине Србије Гајдобра,Facebook
94b5b520-4f2c-498d-b357-9e764bab433b,Jedinstvena Srbija (JS),2022-08-16T15:25:09.389Z,c5b6accd-8504-430c-b52e-f9592b47cf7e,JS,Serbia,rs,141390339289587,Jedinstvena Srbija (JS),Facebook
7a20b05f-b8d3-4b25-b2dc-22b533d6e9a5,POKS Susek - Покрет обнове Краљевине Србије Сусек,2023-02-21T10:55:07.850Z,78078d2b-20da-4a6f-ae79-a22db7bde363,POKS,Serbia,rs,102605519393874,POKS Susek - Покрет обнове Краљевине Србије Сусек,Facebook
3009f5dc-0ba3-4aac-a1c1-ce859ab9f7fc,Ivica Dačić,2022-08-16T15:25:09.529Z,cfdbd71b-6017-4a99-8a6d-e7103943032c,SPS,Serbia,rs,112448782168086,Ivica Dačić,Facebook
861cac62-21cb-46cc-945d-e8a143872140,Aleksandar Vučić,2022-08-16T15:25:09.528Z,2160f267-f83a-4d55-a3cf-36b681f76a6e,SNS,Serbia,rs,434923669883731,Aleksandar Vučić,Facebook
6deb41a4-faca-4565-b530-70f828410d78,Srpska napredna stranka (SNS),2022-08-16T15:25:09.147Z,d965ed6e-95cc-4726-a7f3-7c904838e537,SNS,Serbia,rs,191969467500496,Srpska napredna stranka (SNS),Facebook
b1f8e74c-b02c-462e-9fa5-029befad92af,Zoran Lutovac,2022-08-16T15:25:09.530Z,53147e51-3848-4c1e-9eea-773df815a080,DS,Serbia,rs,290803594605196,Zoran Lutovac,Facebook
4703bbe5-d5ce-473e-b743-411a90fc5bfe,Demokratska stranka (DS),2022-08-16T15:25:09.194Z,0044530c-33a3-4037-96c0-46733f291879,DS,Serbia,rs,130008360822,Demokratska stranka (DS),Facebook
31455ea9-fec7-4607-9943-f6dfc60ef6fe,Socijalistička partija Srbije (SPS),2022-08-16T15:25:09.178Z,95c2a6d7-8d62-4cd6-8b8a-467de0a5ecc5,SPS,Serbia,rs,145593865477017,Socijalistička partija Srbije (SPS),Facebook
996a8b8b-980c-41bf-8d7e-7f0e02dbe3cb,Српска Напредна Странка - Краљево,2023-11-30T06:40:11.095Z,5b9e0ef0-9d2a-41ca-aa97-e6877605b76d,SNS,Serbia,rs,336481136434096,Српска Напредна Странка - Краљево,Facebook
b2031d8f-fd2b-4f80-bf2f-ff424db4b86e,ГО Српска напредна странка Бор,2023-11-30T06:40:11.036Z,fb9caf47-c1d5-47d2-986c-5f5763748c9e,SNS,Serbia,rs,101720539615826,ГО Српска напредна странка Бор,Facebook
9667f8e5-d9aa-43a9-a0e5-be78cbd0e93b,Српска напредна странка - Ужице,2023-11-30T06:40:11.044Z,5df10427-8f87-4f7c-a209-46f199cabe70,SNS,Serbia,rs,164638913600422,Српска напредна странка - Ужице,Facebook
52ea4480-882a-48d0-b9ce-f01130a02422,Српска напредна странка Градски одбор Панчево,2023-11-30T06:40:11.027Z,5b65bb5e-8585-4636-8ee8-b712273adf96,SNS,Serbia,rs,1503339723230916,Српска напредна странка Градски одбор Панчево,Facebook
6d3f64a9-d731-430e-a047-0023dd186256,Srpska Napredna Stranka Krusevac,2023-11-30T06:40:11.042Z,8dad8d01-fb56-4e0b-9c0a-43439ea771e8,SNS,Serbia,rs,1535993409982701,Srpska Napredna Stranka Krusevac,Facebook
01426af8-419c-4e03-948d-25e1af0e04b7,Српска Напредна Странка Чачак,2023-11-30T06:40:11.035Z,ea55711d-811a-44ab-a39d-f24e48a8ce75,SNS,Serbia,rs,913382365392301,Српска Напредна Странка Чачак,Facebook
898f0061-3477-4030-8523-275a049ccda9,СНС Београд,2023-05-17T06:54:39.545Z,3a2226a7-5a3e-44d5-870d-67667b37f69d,SNS,Serbia,rs,403186229703823,СНС Београд,Facebook
b3a3092b-cd7d-42f6-8399-81c329e22749,Српска напредна странка Ваљево,2023-11-30T06:40:11.035Z,8d5b1009-14b8-423b-b2c8-e008dc2997cb,SNS,Serbia,rs,322255881242301,Српска напредна странка Ваљево,Facebook
c0d08400-aba0-4336-b805-7db54749dd4e,Socijalistička partija Srbije - OO Ljubovija,2023-11-22T05:09:50.946Z,cb7a9194-bda3-4107-a5dc-a35f67094afb,SPS,Serbia,rs,100525928237067,Socijalistička partija Srbije - OO Ljubovija,Facebook
a193ec2b-fc25-45af-af8d-bfac4dde9d57,POKS Tovariševo - Покрет обнове Краљевине Србије Товаришево,2023-03-08T19:16:37.823Z,f4d8afb0-ef9f-43db-bb83-89765217104a,POKS,Serbia,rs,113145541659980,POKS Tovariševo - Покрет обнове Краљевине Србије Товаришево,Facebook
e53f652e-ea86-45d1-ac26-c4060ddaff11,POKS Dudova Šuma - Покрет обнове Краљевине Србије Дудова Шума,2023-03-10T10:55:15.540Z,6ef0d7f9-c27b-45d3-8195-95875e03290e,POKS,Serbia,rs,115281081493217,POKS Dudova Šuma - Покрет обнове Краљевине Србије Дудова Шума,Facebook
135dd64d-4fb8-4699-a194-f9b9ff2471d4,POKS Bođani - Покрет обнове Краљевине Србије Бођани,2023-02-22T10:55:23.423Z,22596c84-0be8-44e3-9f5a-8b1c417f2ffe,POKS,Serbia,rs,100793332911296,POKS Bođani - Покрет обнове Краљевине Србије Бођани,Facebook
9b1d9a87-0978-4665-8249-4cce34a12518,POKS Mladenovo - Покрет обнове Краљевине Србије Младеново,2023-03-08T19:16:37.821Z,782a4c43-7cc8-4233-b3f0-2108f056825e,POKS,Serbia,rs,112822925026519,POKS Mladenovo - Покрет обнове Краљевине Србије Младеново,Facebook
8f16a056-5bf5-4596-bc9f-83d9724289f6,POKS Gložan - Покрет обнове Краљевине Србије Гложан,2023-03-08T19:16:37.841Z,06cd6b40-d5c3-4b67-8b3b-c9ce538c38a5,POKS,Serbia,rs,101768366144914,POKS Gložan - Покрет обнове Краљевине Србије Гложан,Facebook
2fad07ab-1d8f-427b-8dfe-e9250f4b15cd,POKS Novi Žednik - Покрет обнове Краљевине Србије Нови Жедник,2023-03-10T10:55:15.567Z,613f3f58-ba5d-4dbf-b9e5-9fdc1c0061ae,POKS,Serbia,rs,113109215046072,POKS Novi Žednik - Покрет обнове Краљевине Србије Нови Жедник,Facebook
ff7af226-fb62-4475-84e1-c53f529b7807,POKS Mileševo - Покрет обнове Краљевине Србије Милешево,2023-03-08T19:16:37.846Z,b97481d0-ac50-45a7-9250-318d9513bf66,POKS,Serbia,rs,115585421414068,POKS Mileševo - Покрет обнове Краљевине Србије Милешево,Facebook
0ac01cae-6c52-4dc9-a9e5-9efeb45d4132,ПОКС Крагујевац -POKS Kragujevac,2023-10-30T05:08:39.116Z,78cf7481-07bb-45c0-b39f-f7dcf92de378,POKS,Serbia,rs,105250325434491,ПОКС Крагујевац -POKS Kragujevac,Facebook
06c556d1-a8b4-4901-8a0d-8831b957ba3d,POKS Čelarevo - Покрет обнове Краљевине Србије Челарево,2023-03-08T19:16:37.838Z,fbbcfc47-1ebd-44e7-bc2d-d5b352e2b36e,POKS,Serbia,rs,110755108568320,POKS Čelarevo - Покрет обнове Краљевине Србије Челарево,Facebook
9d67c6b1-b3e0-4caf-bef5-e2fcdf4ef9d4,POKS Neštin - Покрет обнове Краљевине Србије Нештин,2023-03-08T19:16:37.870Z,8d16914a-2642-4725-8ba2-6573d8362e69,POKS,Serbia,rs,112068918436900,POKS Neštin - Покрет обнове Краљевине Србије Нештин,Facebook
d9f2cf23-0eae-4b60-b272-ca4d968110e7,Покрет обнове Краљевине Србије Бечеј - POKS BEČEJ,2023-02-08T07:19:29.542Z,bddb4318-c203-4e90-8d77-39773a96b7ae,POKS,Serbia,rs,736583270091163,Покрет обнове Краљевине Србије Бечеј - POKS BEČEJ,Facebook
46c41476-0a70-4b47-8235-496876adc549,POKS Novi Sad - Покрет обнове Краљевине Србије Нови Сад,2023-03-08T14:47:38.351Z,65c285be-6664-4b11-9ddc-5d436d98bc91,POKS,Serbia,rs,212784378797050,POKS Novi Sad - Покрет обнове Краљевине Србије Нови Сад,Facebook
d5860071-d637-478e-a0ac-8a934f4733ad,POKS Parage - Покрет обнове Краљевине Србије Параге,2023-02-21T10:55:07.812Z,f099ecfd-5882-4f0c-a73f-5a00f8bf6f77,POKS,Serbia,rs,109150108731284,POKS Parage - Покрет обнове Краљевине Србије Параге,Facebook
e6c6225d-695b-4138-b104-a52c9633adba,POKS Palić - Покрет обнове Краљевине Србије Палић,2023-03-10T10:55:15.558Z,a98bc6cd-cf92-44f9-a1bd-fdedbb4b00a9,POKS,Serbia,rs,116690668016816,POKS Palić - Покрет обнове Краљевине Србије Палић,Facebook
581eb13e-7fea-4fc0-a597-d32b755ce24d,POKS Rakovac - Покрет обнове Краљевине Србије Раковац,2023-02-21T10:55:07.832Z,68152cf6-cd03-48bc-8365-5f32783990f8,POKS,Serbia,rs,103664349286697,POKS Rakovac - Покрет обнове Краљевине Србије Раковац,Facebook
6c3d64e9-d0ca-4d03-b1eb-86d7f5f7ce21,POKS Banoštor - Покрет обнове Краљевине Србије Баноштор,2023-02-21T10:55:07.833Z,7e200286-3d82-4af1-8035-8daec632371e,POKS,Serbia,rs,101432196179087,POKS Banoštor - Покрет обнове Краљевине Србије Баноштор,Facebook
fcfcd334-a95d-4b61-8271-3c7b834126b0,POKS Lug - Покрет обнове Краљевине Србије Луг,2023-02-21T10:55:07.812Z,53f23b44-103b-4f7d-98a1-d90d2923d190,POKS,Serbia,rs,106236455692462,POKS Lug - Покрет обнове Краљевине Србије Луг,Facebook
5f4d334a-ec74-4c15-abe7-3d4c3ad12e1f,POKS Selenča - Покрет обнове Краљевине Србије Селенча,2023-02-21T10:55:07.841Z,30eef005-7e7c-4293-b2c1-c5d8fd63407b,POKS,Serbia,rs,101935786128462,POKS Selenča - Покрет обнове Краљевине Србије Селенча,Facebook
ca4556c7-6dd3-429c-a420-eed4fa54f7b9,POKS Sviloš - Покрет обнове Краљевине Србије Свилош,2023-02-21T10:55:07.814Z,b9714bcd-cb91-4b11-b05e-5f7d680ffbe8,POKS,Serbia,rs,116058281365907,POKS Sviloš - Покрет обнове Краљевине Србије Свилош,Facebook
237c9af9-5cba-4f0a-8eaa-88884d12c3e0,POKS Bajmok - Покрет обнове Краљевине Србије Бајмок,2023-03-10T10:55:15.559Z,f1664aac-c732-4b8b-a4b2-40aa8a04236c,POKS,Serbia,rs,110115398679121,POKS Bajmok - Покрет обнове Краљевине Србије Бајмок,Facebook
b3788bd1-bc32-44e1-913b-088889641ede,POKS Bač - Покрет обнове Краљевине Србије Бач,2023-02-21T10:55:07.836Z,3fe46216-af0c-4ff0-ad81-815678e30fd8,POKS,Serbia,rs,109542542024615,POKS Bač - Покрет обнове Краљевине Србије Бач,Facebook
ca2765ca-2a2d-43f5-8f53-bf5bebb67ccb,POKS Aleksandrovo - Покрет обнове Краљевине Србије Александрово,2023-03-10T10:55:15.559Z,37c633fb-005d-4741-8130-1a998a804c2e,POKS,Serbia,rs,108322572193118,POKS Aleksandrovo - Покрет обнове Краљевине Србије Александрово,Facebook
12842426-d239-4816-9afe-3d50ace300e1,POKS Prozivka - Покрет обнове Краљевине Србије Прозивка,2023-03-10T10:55:15.566Z,3229f9e7-a34a-450a-a9c0-3686e33aa5b2,POKS,Serbia,rs,104786582551523,POKS Prozivka - Покрет обнове Краљевине Србије Прозивка,Facebook
3a4d4d62-b306-4a49-8a68-d224f898e334,POKS Bački Petrovac - Покрет обнове Краљевине Србије Бачки Петровац,2023-02-21T10:55:07.833Z,e73dffa0-e5e9-43d5-b2e2-7efac5e44b36,POKS,Serbia,rs,107217318926220,POKS Bački Petrovac - Покрет обнове Краљевине Србије Бачки Петровац,Facebook
41dfaffa-1856-44c7-8c34-ae95e837fecb,POKS Čerević - Покрет обнове Краљевине Србије Черевић,2023-02-21T10:55:07.814Z,570585a2-1d41-4e3d-b803-0f8b922d92d7,POKS,Serbia,rs,100677212923136,POKS Čerević - Покрет обнове Краљевине Србије Черевић,Facebook
f0813b32-567f-499f-9e19-6a1e04dc8ed9,POKS Nova Gajdobra - Покрет обнове Краљевине Србије Нова Гајдобра,2023-02-21T10:55:07.850Z,2a9a6ad0-1925-48e2-a1c3-ede8d7ce589d,POKS,Serbia,rs,100755426288732,POKS Nova Gajdobra - Покрет обнове Краљевине Србије Нова Гајдобра,Facebook
63bc1825-0bc0-4259-8531-a1b8c1dbc2a9,POKS Pivnice - Покрет обнове Краљевине Србије Пивнице,2023-02-21T10:55:07.850Z,9f6908d9-a82b-4448-a098-753c1b13d784,POKS,Serbia,rs,101035419554095,POKS Pivnice - Покрет обнове Краљевине Србије Пивнице,Facebook
291840f6-e696-44e2-a9ad-e97f6b8f0036,POKS Plavna - Покрет обнове Краљевине Србије Плавна,2023-02-21T10:55:07.832Z,2052c2da-afcc-4db3-9fcb-c02d25829c63,POKS,Serbia,rs,115486044757347,POKS Plavna - Покрет обнове Краљевине Србије Плавна,Facebook
85cedd18-20e7-48e5-8f4c-988d4f3434b1,POKS Bačko Novo Selo - Покрет обнове Краљевине Србије Бачко Ново Село,2023-02-21T10:55:07.850Z,8eb77230-d7e7-469b-8cfb-66b9bc009422,POKS,Serbia,rs,107862402194639,POKS Bačko Novo Selo - Покрет обнове Краљевине Србије Бачко Ново Село,Facebook
fd0ceeed-a2df-4091-8056-28fdfb030c1d,СНС Љиг,2023-12-14T05:08:21.278Z,770b4fa8-72d3-4a3b-bacc-2c6f3d1f6d4d,SNS,Serbia,rs,310272209121460,СНС Љиг,Facebook
5823f979-b53e-4782-a9d2-c65d6d1e16cc,Српска напредна странка Лапово,2023-12-14T05:08:21.285Z,373a2402-de9b-4a67-8b96-f6732ec58a0e,SNS,Serbia,rs,519202651550387,Српска напредна странка Лапово,Facebook
f6c0e27d-cde6-4c3d-a399-61e1e7f65350,Srpska Napredna Stranka Vladimirci,2023-12-14T05:08:21.285Z,31368195-752d-414d-85c9-938e50678e84,SNS,Serbia,rs,822099957901728,Srpska Napredna Stranka Vladimirci,Facebook
0e5621bc-a8e1-4fe6-9278-d79a89d22ceb,Српска Напредна Странка - Рековац,2023-12-14T05:08:21.288Z,20af2cb7-ee6e-4103-9bf7-d08369ea2aaa,SNS,Serbia,rs,397731767088706,Српска Напредна Странка - Рековац,Facebook
e88ea6be-ad01-4739-908c-895bf443b35f,Srpska napredna stranka Osečina,2023-12-14T05:08:21.292Z,83874671-5638-415d-8d81-d5c54a285eb9,SNS,Serbia,rs,766291807077895,Srpska napredna stranka Osečina,Facebook
5893aa05-0b71-452e-adb7-ec709a8c1ec5,Srpska Napredna Stranka Žabari,2023-12-06T05:08:16.077Z,0834b515-4995-4458-86d3-def1835c9a19,SNS,Serbia,rs,123640389036458,Srpska Napredna Stranka Žabari,Facebook
6c0139a6-d57a-44a4-b98b-b5f4db169286,Српска Напредна Странка Жагубица,2023-12-06T05:08:16.072Z,eb68f49e-3de1-4bb1-817b-2d9e6375b600,SNS,Serbia,rs,350294055174183,Српска Напредна Странка Жагубица,Facebook
4c788248-1687-4956-a5d3-9599a39cba04,Српска напредна странка Мерошина,2023-12-06T05:08:16.077Z,85d96b77-01c8-443b-9930-cf86b049cc7b,SNS,Serbia,rs,477645725758438,Српска напредна странка Мерошина,Facebook
87b32626-7f21-4a2b-9f44-3dd5dfb0b9b1,Српска напредна странка ОО Кнић,2023-12-09T05:08:12.624Z,2a051c56-0877-41fe-8e6b-2133d73d7023,SNS,Serbia,rs,231735263679844,Српска напредна странка ОО Кнић,Facebook
917344f9-6ee3-48a8-a2d8-706015bb0bcf,Српска Напредна Странка Велико Градиште,2023-12-08T06:10:01.432Z,4d9201ee-b785-46b2-a2aa-476bc1349691,SNS,Serbia,rs,1053745391431936,Српска Напредна Странка Велико Градиште,Facebook
1ee3938e-e5e8-400d-8f6c-673fa9cd31ad,SNS Prijepolje,2023-12-14T05:08:21.225Z,4212971e-ec16-4b16-ab97-b069b24ed9df,SNS,Serbia,rs,532900830151230,SNS Prijepolje,Facebook
ca2fd928-34a7-4468-8216-3180412aa68b,Narodna stranka - Petrovac na Mlavi,2023-07-22T05:09:16.672Z,12fc9b43-7a1e-4cf1-a71d-e39420170d08,NS,Serbia,rs,278118042861688,Narodna stranka - Petrovac na Mlavi,Facebook
fa8be58f-85c4-470d-ad2b-2bbdb4854b3d,Српска напредна странка Прибој,2023-12-09T05:08:12.584Z,0e23a804-d2bb-4c1e-acc5-00aedb8717d6,SNS,Serbia,rs,513812402037346,Српска напредна странка Прибој,Facebook
e872351f-bf24-4ba1-a60a-c367392fe755,Srpska Napredna Stranka Kučevo-zvanična stranica,2023-12-08T06:10:01.417Z,45dd2706-04b1-49ea-843c-11817421b83f,SNS,Serbia,rs,650504328298803,Srpska Napredna Stranka Kučevo-zvanična stranica,Facebook
1941fc38-8fcb-410b-90ab-17eb46164953,Poverenistvo Sns Lebane,2023-12-06T05:08:16.112Z,42953b5d-00d1-4c81-b4c8-7ab8e10eb1c2,SNS,Serbia,rs,890611567648295,Poverenistvo Sns Lebane,Facebook
ff5a6185-b20e-45cf-8d45-fdd1a8e4ae19,Srpska napredna stranka - GO Novi Pazar,2023-12-14T05:08:21.213Z,943c6f41-7651-440c-8a40-83b80fe0f59a,SNS,Serbia,rs,772366799551151,Srpska napredna stranka - GO Novi Pazar,Facebook
4c0ec9de-0fac-4153-a769-9562a28bbebf,Српска напредна странка Пожега,2023-12-14T05:08:21.231Z,bd3c2a05-4799-43cd-a2ec-331e1f71b817,SNS,Serbia,rs,100831567958837,Српска напредна странка Пожега,Facebook
b0260e05-c099-4909-99ae-803d7a3264dd,СНС Гаџин Хан,2023-12-08T06:10:01.440Z,c3d4f8c6-1a9c-4b67-aadb-1aa69ed349a9,SNS,Serbia,rs,501195483707101,СНС Гаџин Хан,Facebook
82fc04c5-3cb9-40f5-9167-32f282c0554e,Srpska Napredna Stranka Vranje,2023-12-08T06:10:01.376Z,c4918717-958f-40de-bbfa-28b0b5049d9d,SNS,Serbia,rs,1538530419693786,Srpska Napredna Stranka Vranje,Facebook
3080d721-35e5-43e3-af8b-a88b2633f4eb,Srpska Napredna Stranka Smederevo,2023-12-08T06:10:01.364Z,ef46a886-dba0-4164-b650-92111c4aa927,SNS,Serbia,rs,1484546785180229,Srpska Napredna Stranka Smederevo,Facebook
cd5633a6-abc0-433f-bc46-af318d7cace3,SNS Malo Crnice,2023-12-08T06:10:01.441Z,4ce49785-3fa2-44c5-8f2b-01fc0287f63b,SNS,Serbia,rs,612103812151212,SNS Malo Crnice,Facebook
bcccb85e-7844-4ded-8a46-41100b9ccea9,Српска Напредна Странка Ћићевац,2023-12-09T05:08:12.606Z,f8c6ac88-9b27-487b-bb70-cb46511c0e0f,SNS,Serbia,rs,1592601957624900,Српска Напредна Странка Ћићевац,Facebook
39ed2009-cc7a-429e-b6c8-1846a271b0fd,Srpska napredna stranka Paraćin,2023-12-14T05:08:21.213Z,3e07169f-2d67-46a8-8cc6-ab5c115416c2,SNS,Serbia,rs,311827335689662,Srpska napredna stranka Paraćin,Facebook
a77021d4-133c-4536-b0dd-a01b42d9a839,SNS Batočina - Ujedinjeni možemo sve,2023-12-09T05:08:12.585Z,f3b4b67e-c2a8-4675-bc06-bd3b6ec4ab63,SNS,Serbia,rs,178727422156130,SNS Batočina - Ujedinjeni možemo sve,Facebook
dcd39475-a6ec-46c0-9fd1-0beffbd4d516,СНС Голубац,2023-12-08T06:10:01.469Z,e4bad05a-7b44-41c7-b9a6-a6d9eb30ac50,SNS,Serbia,rs,1454256268127163,СНС Голубац,Facebook
d429716a-7b47-47a8-a06d-cf6b553a9778,Srpska Napredna Stranka Varvarin,2023-12-14T05:08:21.246Z,4819ad57-73bc-4c44-9f8e-c416429136db,SNS,Serbia,rs,978702095491574,Srpska Napredna Stranka Varvarin,Facebook
95442058-a161-4dea-b84f-3b828d6d75d6,СНС Димитровград,2023-12-05T05:08:15.867Z,53afba8a-c8c7-46bf-b7e5-41a8e77b128f,SNS,Serbia,rs,556568281085240,СНС Димитровград,Facebook
ab52848e-4fb9-4dac-be05-c0c21efde622,Српска напредна странка - Прокупље,2023-12-05T05:08:15.854Z,f248a87e-a43c-4ca5-b911-68ff350c1785,SNS,Serbia,rs,332345990112974,Српска напредна странка - Прокупље,Facebook
7f8e3d3a-9e95-46b3-b186-0e05a1cdbb5e,Српска Напредна Странка Шабац,2023-12-05T05:08:15.855Z,2f5927c7-7806-48e0-b5da-e0ff229e07b2,SNS,Serbia,rs,1021300561218755,Српска Напредна Странка Шабац,Facebook
f023c646-20c5-4139-9daf-0ac52e8f5740,СНС Мали Зворник,2023-12-05T05:08:15.885Z,8ac99d47-eb25-4bbb-82f7-b8ec0ccd75dd,SNS,Serbia,rs,407765216077131,СНС Мали Зворник,Facebook
5b4c416f-3895-4f15-a0b6-e15b373488a3,Српска Напредна Странка Лозница,2023-12-05T05:08:15.863Z,6e796eb3-7235-4c9a-b8d9-3b2e0c1514f1,SNS,Serbia,rs,100889947985785,Српска Напредна Странка Лозница,Facebook
f1e59408-c87c-4582-8b4d-31efc23fca90,СНС ОО Богатић,2023-12-05T05:08:15.865Z,8dd45265-5fad-42f6-92cc-151be11e78a6,SNS,Serbia,rs,775024889274401,СНС ОО Богатић,Facebook
942958cb-719f-47ff-b920-f38f3ff853a9,Srpska Napredna Stranka-Kursumlija,2023-12-05T05:08:15.888Z,df85577f-10f6-4a48-a823-2830d331d0c4,SNS,Serbia,rs,1597460817208286,Srpska Napredna Stranka-Kursumlija,Facebook
9e16c6d7-1162-4181-b4bb-c23b9a868ab7,SNS Krupanj,2023-12-05T05:08:15.873Z,5d8d8d4c-fb49-4002-a300-c55e4b0b1392,SNS,Serbia,rs,147493095354039,SNS Krupanj,Facebook
e77f8605-b878-46a2-a660-17786023f988,Sns VelikaPlana,2023-12-05T05:08:15.886Z,70e20d25-4852-423b-8a9a-9159928a71d1,SNS,Serbia,rs,104923057566974,Sns VelikaPlana,Facebook
ff06b296-35c4-4ae9-afbe-fbc8cabde19e,Српска Напредна Странка Лесковац,2023-12-05T05:08:15.872Z,4201f9a2-db61-4023-aa7e-9fabcdf07af7,SNS,Serbia,rs,570825839717226,Српска Напредна Странка Лесковац,Facebook
d5c304fa-d65e-41c9-aa9a-d03d8703ffad,Српска Напредна Странка Сокобања,2023-12-05T05:08:15.886Z,2eedf2ea-bba2-4fe1-8db6-80524f8ab1bd,SNS,Serbia,rs,1558793107724675,Српска Напредна Странка Сокобања,Facebook
8ef39bbe-5e66-493c-988d-114cb6bbf0cc,Снс Владичин Хан,2023-12-05T05:08:15.946Z,b2eee62b-1567-46c9-8011-e3285a2b071a,SNS,Serbia,rs,352075911641495,Снс Владичин Хан,Facebook
8b2e5aba-1429-4caf-89d3-70b48e514c52,SNS Bojnik,2023-12-05T05:08:15.951Z,b9d8280b-9be5-4282-a4d8-e456fb22bc0f,SNS,Serbia,rs,110118537056636,SNS Bojnik,Facebook
8a08a16d-7d09-47f9-8e60-c9f9610b72c5,Srpska Napredna Stranka UB,2023-12-05T05:08:15.873Z,70a86d42-3684-4e41-8daa-1a95f3deeeb1,SNS,Serbia,rs,735361833488057,Srpska Napredna Stranka UB,Facebook
abbf3d86-cbb9-458a-b478-ae54930d4be0,Srpska Napredna Stranka Ljubovija,2023-12-05T05:08:15.877Z,1be5b395-39ed-44ad-9785-e411fa70a0ad,SNS,Serbia,rs,758385990958596,Srpska Napredna Stranka Ljubovija,Facebook
d7f61b01-274e-4d7d-84a3-fd6d5ccbd15f,SNS Doljevac,2023-12-06T05:08:16.055Z,1987554a-a952-41cc-884e-cce85a7292e6,SNS,Serbia,rs,122686835794308,SNS Doljevac,Facebook
f9bb905d-f82e-4e75-83b3-ad7ca3dbde8a,SNS Bela Palanka,2023-12-05T05:08:15.878Z,b4dab0df-16bf-4ea4-91c5-b5d3b39b7b8e,SNS,Serbia,rs,437584179750852,SNS Bela Palanka,Facebook
91c67835-8fb4-4669-a7c3-aed0abe9b05b,SNS Babušnica - СНС Бабушница,2023-12-05T05:08:15.878Z,92ca2922-3a80-4a29-8e08-d0fcec4c362a,SNS,Serbia,rs,170295343535837,SNS Babušnica - СНС Бабушница,Facebook
2cd46db9-cba6-4789-9e2e-05b0b3661bbf,Српска Напредна Странка-Петровац,2023-12-06T05:08:16.051Z,85e33404-41fd-4e7e-a525-58c61ce12efa,SNS,Serbia,rs,104367913013459,Српска Напредна Странка-Петровац,Facebook
71ee89af-1363-46f6-b65a-e33febd74b6b,Srpska napredna stranka Koceljeva,2023-12-05T05:08:15.889Z,03527a02-c235-458f-9800-c3b7e92b97da,SNS,Serbia,rs,100864177931027,Srpska napredna stranka Koceljeva,Facebook
3b7f718a-6d2e-43b4-b586-29daf6461cba,Narodna stranka - Niš,2023-02-27T10:55:16.529Z,373ae8ad-9bd7-4879-b48a-d4a3d7147282,NS,Serbia,rs,158568884740785,Narodna stranka - Niš,Facebook
fb56094b-bce0-440e-ae50-c44760339337,Narodna stranka,2022-08-16T15:25:09.248Z,410b50b1-375a-45e2-8f0d-c076faa3eb9b,NS,Serbia,rs,128867531191567,Narodna stranka,Facebook
2117b4da-f24f-489b-bb87-456ddce861a1,Narodna stranka Beograd,2023-11-26T05:09:52.087Z,363188c3-769c-4a1b-bb50-e6ccf7538bf5,NS,Serbia,rs,108864424237454,Narodna stranka Beograd,Facebook
afa74ebe-79b9-4cef-aa17-f4913c70b1b6,Narodna stranka Stari grad,2023-11-15T05:08:36.689Z,52a8ac1d-0c6c-4868-85bb-018faaaf80c7,NS,Serbia,rs,165342474201919,Narodna stranka Stari grad,Facebook
aca44f98-26c2-4d9d-91bf-844de641c981,Demokratska Stranka Aleksandrovac Župa,2023-12-18T05:08:49.930Z,b816ffc8-d83b-40e1-ad00-bf4ee770f827,DS,Serbia,rs,1583033231931911,Demokratska Stranka Aleksandrovac Župa,Facebook
159d335d-bdec-4a6a-835e-592fe5a86ad1,Demokratska Stranka gradski odbor Čačak,2023-06-15T06:54:47.595Z,9179f5e2-2971-4237-b60c-8c6d1eb1b17f,DS,Serbia,rs,104189255491911,Demokratska Stranka gradski odbor Čačak,Facebook
48fad002-d639-4bbd-839e-1df55b0f0159,Narodna stranka Vlasotince,2023-04-26T06:55:22.309Z,db690f5b-f5cc-46a0-aff2-6c75fbcd04a9,NS,Serbia,rs,107801608421189,Narodna stranka Vlasotince,Facebook
72529023-bac2-45d3-b940-4d35e6d53738,Demokratska stranka Novi Beograd,2023-03-29T10:55:20.428Z,99226886-7574-4764-8246-569b935b40a2,DS,Serbia,rs,100423152201687,Demokratska stranka Novi Beograd,Facebook
2ae42b94-0470-4c3e-9abc-3f0546db197b,Demokratska stranka Srbije (DSS),2022-08-16T15:25:09.445Z,a2427729-31bd-41bc-974c-3472a99ce7f6,DS,Serbia,rs,644614948967051,Demokratska stranka Srbije (DSS),Facebook
4209938c-88b7-407f-bb40-404749e1f6b7,Demokratska stranka - Gradski odbor Zrenjanin,2023-05-25T06:55:11.440Z,309817fb-e3ce-404e-a3a4-e902d8c3126b,DS,Serbia,rs,893122757375843,Demokratska stranka - Gradski odbor Zrenjanin,Facebook
352c7912-8ed7-4a1f-8cca-d17e3dc062fd,Demokratska Stranka Sremska Mitrovica,2023-09-18T05:08:35.030Z,c45aceb4-ed0b-4df2-bb86-39b0b5ed7c58,DS,Serbia,rs,1027727727242013,Demokratska Stranka Sremska Mitrovica,Facebook
6a436ed5-f97a-4312-8c62-da8155dd962a,Stranka pravde i pomirenja - SPP,2023-11-12T05:08:42.590Z,91a83401-57a0-4eb1-9d0d-677475673f0f,SPP,Serbia,rs,595361640508229,Stranka pravde i pomirenja - SPP,Facebook
2140cc91-fb26-4c63-b062-ff34bf67bcd2,Aleksandar Šapić,2023-03-05T10:55:23.608Z,f120cbd7-9c6c-43e0-b1a6-f24139fca413,SNS,Serbia,rs,304120226274952,Aleksandar Šapić,Facebook
8f33f494-3db9-42e6-a79f-7d16e6fd584f,SPP Novi Pazar,2023-11-27T07:50:21.818Z,0944f9a8-d66c-4560-aa4a-3a7ed0fb5610,SPP,Serbia,rs,398475576877804,SPP Novi Pazar,Facebook
21d20167-770e-4aa0-8d8a-b755de8d5749,SPP Prijepolje,2023-11-28T06:57:40.263Z,85930aec-3369-4d18-802c-9548add17187,SPP,Serbia,rs,106512745534142,SPP Prijepolje,Facebook
a5d5837d-2a30-414d-a43b-cbcc5d008c46,"Jiangsu Fulilai Steel Co.,Ltd",2023-08-30T05:08:23.400Z,62b120b2-43c4-4659-8a03-7379d74559a8,ZZZ,Serbia,rs,103714335885844,"Jiangsu Fulilai Steel Co.,Ltd",Facebook
1ba35357-34f8-4c46-829b-dd5038c71886,SPP Priboj,2023-11-28T06:57:40.258Z,1416b291-c1a2-43ac-a928-a224945284fb,SPP,Serbia,rs,122463830952503,SPP Priboj,Facebook
9e2e7372-a034-483b-8b01-4dc32d9f7236,Kiss Igor,2023-12-14T05:08:21.330Z,9229f533-6984-4a15-be53-a7a184b029b6,ZZZ,Serbia,rs,477006129090066,Kiss Igor,Facebook
769e0ad2-ba4d-4d7f-bb54-0aaf9abc48b6,poslanik_jerkovic,2023-11-19T05:08:24.932Z,1b52b2c9-f5a2-4335-91bf-160b294fdd1a,ZZZ,Serbia,rs,104871805041168,poslanik_jerkovic,Facebook
051c96ef-7250-4385-876e-7d4a0187073c,radebegovic,2023-12-18T05:08:49.890Z,401e3bba-2193-4ae3-80a3-ca9da69f13b6,ZZZ,Serbia,rs,191797780682296,radebegovic,Facebook
0b66928f-aa7c-4b8e-96b8-9db939d3185f,IMarketing Agencija za digitalni marketing,2023-02-13T10:55:11.497Z,9b15ceca-b910-47d2-b922-05ea9ae2c9f2,ZZZ,Serbia,rs,408898822473678,IMarketing Agencija za digitalni marketing,Facebook
10768475-7f63-45e9-a659-a0f0c7a82dec,scuba_jj,2023-12-16T05:08:23.841Z,d9f36975-636f-400b-94c6-0fed34294295,ZZZ,Serbia,rs,192961620562176,scuba_jj,Facebook
69387784-837f-4ce5-baa6-9cf12b974915,poslovi.infostud.com,2023-02-15T10:55:05.174Z,5dab77b2-11d6-4478-969b-20e669ca287e,ZZZ,Serbia,rs,18062174939,poslovi.infostud.com,Facebook
1c48c751-1bf2-4a7a-b750-413e16c6dd75,Addiko Bank Srbija,2023-07-03T06:17:30.594Z,0d6daecc-988f-4dde-a48d-75e85b6e0613,ZZZ,Serbia,rs,198817996825651,Addiko Bank Srbija,Facebook
0bb46c82-dd76-43d8-b93e-7b6d1469caff,Craft Room Berlin Monroe,2023-07-17T10:04:54.422Z,35d5ba47-0623-4f74-b6dc-2dc7c5b3fc58,ZZZ,Serbia,rs,160969467895417,Craft Room Berlin Monroe,Facebook
704781eb-ea29-48af-a80b-1ba08b4920e4,AFEDS,2023-09-04T05:08:21.048Z,ba43ddca-e96a-4a37-9526-d0c51581ac91,ZZZ,Serbia,rs,337866309940667,AFEDS,Facebook
20127ea2-7bfd-4252-9ef0-b5c067ef29f8,Klaster nekretnine - Real Estate Cluster,2023-09-22T05:08:36.018Z,d7923f70-4b70-48c0-9769-2518ac3b4909,ZZZ,Serbia,rs,484641358379743,Klaster nekretnine - Real Estate Cluster,Facebook
000d15f5-0ecb-4297-95a8-e4396ac68312,AgroKlub.rs,2023-03-08T19:59:11.219Z,93dd2597-7110-4224-9933-0caa03ab834a,ZZZ,Serbia,rs,1083456171670154,AgroKlub.rs,Facebook
be3b5f04-cf2e-4200-a229-c66b057f760b,1 od 5 miliona,2022-08-16T15:25:09.425Z,b0af517e-997d-43f4-ab79-f973219bb102,ZZZ,Serbia,rs,1975278386111532,1 od 5 miliona,Facebook
b4b1e636-7c06-4a86-a5e9-d627712e9621,dr_checker_srbija,2023-09-09T05:08:38.617Z,b7b4aa3e-d6c4-4474-b00b-be69f84b1e13,ZZZ,Serbia,rs,111154775121615,dr_checker_srbija,Facebook
0fa16fcc-98b8-46a2-9822-e3945eacf49c,Beldocs - Меđunarodni festival dokumentarnog filma,2023-04-30T06:54:44.860Z,472949f4-4394-439f-a674-135670434d7c,ZZZ,Serbia,rs,194756143901555,Beldocs - Меđunarodni festival dokumentarnog filma,Facebook
5e79369b-3377-4914-a47b-ed1df21ecb2d,Java Coffee Serbia,2023-08-21T05:09:10.204Z,ef6f7792-50b4-49d8-95a4-538b69c9be25,ZZZ,Serbia,rs,159588104252402,Java Coffee Serbia,Facebook
6e8eecec-84ce-4288-b448-ef5057ee133b,Belgrade Security Conference,2023-04-22T06:05:37.365Z,7409ab68-3daf-4319-bf0c-6ece008c3acb,ZZZ,Serbia,rs,100441419477387,Belgrade Security Conference,Facebook
5445c831-2f50-4a45-b6dd-5f602e3fbdba,Fakultet političkih nauka - Univerzitet u Beogradu,2023-09-15T05:08:25.632Z,c0ce7b4a-55e2-4261-9eb8-68f358b478f8,ZZZ,Serbia,rs,175620802457215,Fakultet političkih nauka - Univerzitet u Beogradu,Facebook
389e7106-16e2-4924-a157-1242e3d309f6,Dental practice TIA Dentico Belgrade,2023-11-09T05:59:25.475Z,ec554dbd-7687-467e-96a5-662fd41cba78,ZZZ,Serbia,rs,275248452512105,Dental practice TIA Dentico Belgrade,Facebook
671901ef-263b-4bdf-bb30-2371c954a857,Artisa,2023-06-06T06:54:39.599Z,759d8502-5904-41df-939c-db5932e428c2,ZZZ,Serbia,rs,780404755340660,Artisa,Facebook
da5ac3f9-f285-42c8-b46c-c227afdddb9f,pokreti__svetlo,2023-07-27T05:09:01.912Z,61a0d15d-ddd3-467c-acdc-5d3ffcecdfe7,ZZZ,Serbia,rs,114658001687004,pokreti__svetlo,Facebook
5cecb436-2bc5-4a1f-bff8-642139513262,Autonomija!,2023-11-09T05:59:25.475Z,413601f2-cc3d-41f6-9770-13dcbcd91152,ZZZ,Serbia,rs,110053842371479,Autonomija!,Facebook
7c0fbb7d-5218-489c-bc4d-51b5a154270c,Dyslexia Centers - Pavlidis Method Novi Sad,2023-08-25T05:08:10.376Z,8eb6171a-8e06-4d65-926b-f1fa1b6fc74c,ZZZ,Serbia,rs,114268599949038,Dyslexia Centers - Pavlidis Method Novi Sad,Facebook
f5e16d23-3224-4c9b-b7d1-007559d8f5fa,auto.skola.stop.mmb,2023-12-08T06:10:01.493Z,c1d5a164-0afa-474b-98ad-ef5944115006,ZZZ,Serbia,rs,141683315687975,auto.skola.stop.mmb,Facebook
f3337e75-2e2b-4bd7-979c-ecc7722a21a7,Kurir - Sport,2023-02-20T10:55:14.162Z,cf088599-0db4-4b4f-bb00-4a869d02d267,ZZZ,Serbia,rs,174121639319544,Kurir - Sport,Facebook
5bc5efbb-6a97-4981-a107-8bf2bd6c54fe,Auto Dragstor,2023-11-07T05:08:41.287Z,1ebecf52-b3ec-4386-be1f-6c9d9ca5e486,ZZZ,Serbia,rs,801820886612157,Auto Dragstor,Facebook
b07b71d1-624d-4551-aaff-cc2245280a1c,Mingl,2023-02-21T10:55:07.795Z,71c501d0-e145-4a7d-a823-fee16d6c03b2,ZZZ,Serbia,rs,114739771505588,Mingl,Facebook
260918f8-5939-4ece-821d-cf2ee818eb06,Compass Festival,2023-10-30T05:08:39.132Z,77d686d9-4d36-4de2-a8fa-b562c2eae9b3,ZZZ,Serbia,rs,128777126983537,Compass Festival,Facebook
9c1145c6-d3dc-4860-8114-b54fa99349fd,025.RS,2023-08-28T05:08:10.858Z,fdf1eb2f-c3e3-4e1f-a0cf-6c47ddf720a2,ZZZ,Serbia,rs,348616212240257,025.RS,Facebook
33de7755-8b3e-42f1-acf7-4a3168031270,Club Sky,2023-09-04T05:08:21.032Z,b33a92d7-889e-4a6e-b568-a5f36f9c6f7e,ZZZ,Serbia,rs,302078156578482,Club Sky,Facebook
120d85b0-548c-46d4-9bcd-ae803deda8af,_rina.rs,2023-08-02T05:09:10.324Z,cc4c6318-fb07-423b-ad91-85eccc619f92,ZZZ,Serbia,rs,107751908927099,_rina.rs,Facebook
7830f4bd-2804-4a30-8397-12cb80d5daa0,Happy TV,2023-07-03T06:17:30.586Z,c5bb6513-5841-4b06-ae32-296ad63b84eb,ZZZ,Serbia,rs,600242196694070,Happy TV,Facebook
10359b47-08a1-44d2-a178-b33ee03dded7,Espreso.rs,2023-03-08T18:44:40.987Z,af42748a-af80-4448-af1f-43f0debf2204,ZZZ,Serbia,rs,1811489012399784,Espreso.rs,Facebook
1e7977bf-f517-48af-80e8-49b54445c2ac,National Geographic,2023-11-12T05:08:42.580Z,465bb43c-6386-49b7-a08b-7fd9eb57ff51,ZZZ,Serbia,rs,215360805229400,National Geographic,Facebook
ab97c0ab-215f-4575-9e87-000a835375d9,Ekuhuh online shop,2023-11-19T05:08:24.897Z,006881a9-af59-4256-acd8-68d3a33cfe2b,ZZZ,Serbia,rs,118467404690554,Ekuhuh online shop,Facebook
a5645d78-5522-4308-b453-1c48fd1ecac4,hipokratppz,2023-12-11T06:41:42.065Z,8b696591-d119-4b37-8762-12ac62fe0e33,ZZZ,Serbia,rs,112206055308842,hipokratppz,Facebook
a7d8a847-5b43-4ba7-9125-cee94763d9e0,Atheist Rap official,2023-03-22T10:55:06.800Z,5a457872-c127-4317-a96f-a58f4f83636f,ZZZ,Serbia,rs,184703218252111,Atheist Rap official,Facebook
e0ed0c04-fa11-4ee5-ad3b-c9307ea6ec45,export.est2020,2023-06-19T18:26:35.804Z,d50ce1cc-ec37-40a8-b428-6a0a6da3d3ea,ZZZ,Serbia,rs,105134578470759,export.est2020,Facebook
78b0c633-b87f-4ff4-96e6-2cbdc2761419,laleli.just.for.you,2023-07-22T05:09:16.672Z,87053166-dc54-4f36-9ffe-27ae278a953a,ZZZ,Serbia,rs,108066255022152,laleli.just.for.you,Facebook
f1b31717-792c-4732-bb88-9f3d606cbdaf,npz.info,2023-11-16T07:00:45.459Z,e9215118-fa11-4db6-a90b-682879c9ddd3,ZZZ,Serbia,rs,165794196612305,npz.info,Facebook
62e37a0b-7993-42f9-9e91-a2038542ca97,lost__country,2023-12-08T06:10:01.495Z,c9afab9a-ed80-4f9b-bb43-eff6c2bd548b,ZZZ,Serbia,rs,185668051292652,lost__country,Facebook
ac8b58b0-7c73-449d-832a-20a4f2de94f4,Radzievsky Art,2023-11-03T05:08:46.779Z,7bed3a44-1b45-432f-8fba-ca5f4315b78d,ZZZ,Serbia,rs,150761548118771,Radzievsky Art,Facebook
0ec70e75-60a0-445a-bab8-99ca3d556e3f,Dragoljub Zamurovic Photography,2023-10-14T05:08:34.831Z,61f9c2d4-e0e5-4c6b-afe4-7455f6f77607,ZZZ,Serbia,rs,685143728297350,Dragoljub Zamurovic Photography,Facebook
96ec63fd-fc7a-4f65-9146-9686a415a02b,Let's CML,2023-11-17T06:48:36.741Z,eeef0f87-4d17-4961-bb5c-ce25a2d98d42,ZZZ,Serbia,rs,2001142766865749,Let's CML,Facebook
279657ce-7429-4864-ba35-36d50663055f,leskovacgrad,2023-12-12T05:09:06.713Z,c69efe68-f849-4d6a-b24f-7a638ba42a9c,ZZZ,Serbia,rs,111526143908340,leskovacgrad,Facebook
e5a9603b-2190-467c-8f78-af66cc6aef6c,nvo_cedem,2023-12-06T05:08:16.146Z,7e302df4-ec98-4e54-8015-81e0a904850f,ZZZ,Serbia,rs,113348958221784,nvo_cedem,Facebook
a93d739f-4de8-43b0-9b3f-3b8e59e09638,Goclub,2023-10-21T05:09:16.610Z,f51a2c5a-69e0-49c2-8911-3397816a4dd6,ZZZ,Serbia,rs,137396099455380,Goclub,Facebook
0ea9da9f-1746-4ecf-8bf6-5f2385793ee0,Kurir TV,2023-04-20T06:55:06.630Z,a0ad0423-854e-46c1-9f34-28db96a5eb9c,ZZZ,Serbia,rs,469005679891410,Kurir TV,Facebook
4c50ee4a-81c0-4fe2-8e23-d56b5433480b,️Apartman “Trag” Divčibare️,2023-05-30T06:55:25.256Z,d206f418-04fb-4c75-857d-e59e64ba9f3c,ZZZ,Serbia,rs,109068031504925,️Apartman “Trag” Divčibare️,Facebook
197c8ccd-5ba1-4242-a987-0b8b095ae2b9,mirsad.djerlek,2023-11-24T05:09:54.794Z,5a5070c5-2d55-4500-8e63-410eea3c4628,ZZZ,Serbia,rs,179370528587811,mirsad.djerlek,Facebook
6fb47698-8a25-4363-938a-8eea826dd69c,Mozaik Primo,2023-08-17T05:08:03.823Z,51cd1d73-3b3e-4ef5-aefb-fc866b4e10fe,ZZZ,Serbia,rs,1332476923458295,Mozaik Primo,Facebook
34381814-78e3-4e43-93cd-80bfb2f8d847,Mozaik 021 agencija,2023-06-10T06:54:28.716Z,d5002583-e670-4a98-aef3-f28fc99abd16,ZZZ,Serbia,rs,105107778540439,Mozaik 021 agencija,Facebook
95cccbf7-bb45-4985-a2d5-7bbef88b344f,ProGlas,2023-11-15T05:08:36.669Z,6a1041e7-f785-4ee0-aa42-16b5a7b0f77d,ZZZ,Serbia,rs,178488945338386,ProGlas,Facebook
778d1c00-548e-4f62-aca9-6630bbb48a4a,Prezident Hotel Novi Sad,2023-07-06T06:09:09.249Z,930bd012-4e5e-4600-aa0c-facc6e2e9f99,ZZZ,Serbia,rs,145142899231152,Prezident Hotel Novi Sad,Facebook
a40b5c32-3f03-4fdf-bd21-3cf689c459b4,AmCham Serbia,2023-02-08T07:19:29.516Z,8385df8e-dc30-461b-9c07-f7af396a9de1,ZZZ,Serbia,rs,1135825589785524,AmCham Serbia,Facebook
4be0a69d-5425-4a20-b2bd-5a7a64bb4b70,Radio Boom 93,2023-03-08T18:44:41.011Z,772857d0-1001-41aa-ae07-6dc490f7f735,ZZZ,Serbia,rs,323536425759,Radio Boom 93,Facebook
